<?xml version="1.0" encoding="UTF-8"?>
<!DOCTYPE plist PUBLIC "-//Apple Computer//DTD PLIST 1.0//EN" "http://www.apple.com/DTDs/PropertyList-1.0.dtd">
<plist version="1.0">
<dict>
	<!--required-->
	<key>nodeAttributes</key>
	<dict>
		<key>name</key>
		<string>VSM Soft Shadows</string>
		<key>categories</key>
		<array>
			<string>Custom Patch</string>
		</array>
		<key>copyright</key>
		<string>Copyright 2011 Section9. All rights reserved.</string>
		<key>description</key>
		<string>This patch outputs an FBO Image</string>
		<key>aliasNames</key>
		<array>
			<string>alias for searching</string>
		</array>


	</dict>
	<key>inputAttributes</key>
	<dict>
		<key>inputLightX</key>
		<dict>
			<key>name</key>
			<string>lightX</string>
			<key>description</key>
			<string>Light X Position</string>
		</dict>
		
		<key>inputLightY</key>
		<dict>
			<key>name</key>
			<string>lightY</string>
			<key>description</key>
			<string>Light Y Position</string>
		</dict>
		
		<key>inputLightZ</key>
		<dict>
			<key>name</key>
			<string>lightZ</string>
			<key>description</key>
			<string>Light Z Position</string>
		</dict>
		
		<key>inputLightLookX</key>
		<dict>
			<key>name</key>
			<string>lookX</string>
			<key>description</key>
			<string>Light X Look</string>
		</dict>
		
		<key>inputLightLookY</key>
		<dict>
			<key>name</key>
			<string>lookY</string>
			<key>description</key>
			<string>Light Y Look</string>
		</dict>
		
		<key>inputLightLookZ</key>
		<dict>
			<key>name</key>
			<string>lookZ</string>
			<key>description</key>
			<string>Light Z Look</string>
		</dict>
		
		<key>inputNearPlane</key>
		<dict>
			<key>name</key>
			<string>nearPlane</string>
			<key>description</key>
			<string>Set the near plane for the light</string>
		</dict>
		
		<key>inputFarPlane</key>
		<dict>
			<key>name</key>
			<string>farPlane</string>
			<key>description</key>
			<string>Set the far plane for the light</string>
		</dict>
		
		<key>inputAmbient</key>
		<dict>
			<key>name</key>
			<string>ambientLevel</string>
			<key>description</key>
			<string>Set the ambient light level</string>
		</dict>
		
		<key>inputLightAttenuation</key>
		<dict>
			<key>name</key>
			<string>lightAttenuation</string>
			<key>description</key>
			<string>Set the light attenuation</string>
		</dict>
		
		
		<key>inputBypass</key>
		<dict>
			<key>name</key>
			<string>bypass</string>
			<key>description</key>
			<string>Bypass this Patch but execute subpatches</string>
		</dict>
		
		<key>inputBlurAmount</key>
		<dict>
			<key>description</key>
			<string>Blur the Shadow Map Amount</string>
			<key>name</key>
			<string>blurAmount</string>
		</dict>
		
		<key>inputBlur</key>
		<dict>
			<key>description</key>
			<string>Blur the Depth Map</string>
			<key>name</key>
			<string>blurDepth</string>
		</dict>
	
		<key>inputBlurDepthAmount</key>
		<dict>
			<key>description</key>
			<string>Blur the Depth Map Amount</string>
			<key>name</key>
			<string>blurDepthAmount</string>
		</dict>
	
		
		<key>inputOrtho</key>
		<dict>
			<key>description</key>
			<string>Use Orthographic Projection for Light</string>
			<key>name</key>
			<string>useOrtho</string>
		</dict>

		
		
		<key>inputVariance</key>
		<dict>
			<key>description</key>
			<string>Variance value in the VSM Shader</string>
			<key>name</key>
			<string>Variance</string>
		</dict>
		
		<key>inputDrawDepth</key>
		<dict>
			<key>description</key>
			<string>Draw the light depth map</string>
			<key>name</key>
			<string>DrawDepth</string>
		</dict>

	</dict>
</dict>
</plist>
